{"sane": true, "normalizes": true, "range": true, "log_prob": -1047.478207461536, "avg_log_prob": -2.0949564149230717, "perplexity": 8.125086829960535}